CustomerId,Exited
15642544,0
15779492,0
15815271,0
15582591,0
15595937,0
15732113,0
15665053,0
15761886,0
15662488,0
15635435,0
15783398,0
15795895,0
15677369,0
15781586,0
15754574,0
15625819,0
15615330,0
15811842,0
15741719,0
15652527,0
15718839,0
15808960,0
15725036,0
15605327,0
15618581,0
15629390,0
15810716,0
15589589,0
15752626,0
15792916,0
15737571,0
15730673,0
15626684,0
15728693,0
15764432,0
15686302,0
15602456,0
15808228,0
15582616,0
15702789,0
15773221,0
15739692,0
15772632,0
15685920,0
15774151,0
15762091,0
15774258,0
15764431,0
15604348,0
15691792,0
15730657,0
15576517,0
15794493,0
15688409,0
15682686,0
15802478,0
15569654,0
15567114,0
15646969,0
15667620,0
15731543,0
15642997,0
15756150,0
15657540,0
15656912,0
15611759,0
15603378,0
15785490,0
15681928,0
15615020,0
15598782,0
15744041,0
15575185,0
15610781,0
15810839,0
15751771,0
15747208,0
15796505,0
15589224,0
15736154,0
15612109,0
15756901,0
15615207,0
15677764,1
15585388,0
15667002,0
15810786,0
15750808,0
15637169,0
15745295,0
15594577,0
15764916,0
15763274,0
15785167,0
15577905,0
15716491,0
15806210,0
15619436,0
15717629,0
15698246,0
15635500,1
15663933,0
15648225,0
15611682,0
15584532,0
15627854,0
15739972,0
15631639,0
15605375,0
15641175,0
15754068,0
15809722,0
15671655,0
15629078,0
15674254,0
15796114,0
15771942,0
15680167,1
15634632,0
15667046,0
15653448,0
15765257,0
15813022,1
15570360,0
15572360,0
15773869,0
15673584,0
15791316,0
15781975,0
15606397,0
15803406,0
15722212,0
15735632,0
15626040,0
15594720,0
15655961,0
15713644,0
15791040,0
15706464,0
15704819,0
15602354,0
15590683,0
15694995,0
15567919,0
15751131,0
15609758,0
15669805,0
15612418,0
15587038,0
15600974,0
15612092,0
15802220,0
15684294,0
15722409,0
15793688,0
15641474,0
15712551,0
15679909,0
15707596,1
15778410,0
15776844,0
15727311,0
15752915,0
15742229,0
15605000,0
15577274,0
15778936,0
15737133,0
15741417,0
15809320,0
15614635,0
15694506,0
15597896,0
15763063,0
15626900,0
15651001,0
15729054,0
15662063,0
15649379,0
15737795,0
15603035,0
15743293,0
15696175,0
15608166,0
15730705,0
15584271,0
15645593,0
15660147,0
15758081,0
15730488,0
15815236,0
15586976,0
15801462,0
15762123,0
15616550,0
15781802,0
15645059,0
15780835,0
15620123,0
15636812,0
15679029,0
15650488,0
15814405,0
15748473,0
15718921,0
15806049,0
15688498,0
15647965,1
15625175,0
15765375,0
15739438,0
15772250,0
15660809,0
15759874,0
15764314,0
15628893,0
15589563,0
15793324,0
15777553,0
15763097,0
15753215,0
15792176,0
15798844,0
15762332,0
15682547,0
15729574,0
15688007,0
15718071,0
15723671,0
15771535,0
15596575,0
15620758,0
15763218,0
15805413,0
15799924,0
15608344,0
15659736,0
15774179,0
15705544,0
15567725,0
15670066,0
15738318,0
15771742,0
15723299,0
15729238,0
15631481,0
15804919,0
15713532,0
15716041,0
15774277,0
15569451,0
15639576,0
15727391,0
15681562,0
15691011,0
15597033,0
15797627,0
15737310,0
15618765,0
15733491,0
15679651,0
15732437,0
15813660,0
15723706,0
15582154,0
15749951,0
15714006,0
15625632,0
15576760,0
15708713,0
15625461,0
15744689,0
15693906,0
15606274,0
15782608,0
15590876,0
15761720,1
15610972,0
15706268,0
15704770,0
15576065,0
15656121,0
15678427,0
15759555,0
15643966,0
15593773,0
15791102,0
15614213,0
15700710,0
15739931,0
15572428,0
15682778,0
15618182,0
15719541,0
15599660,0
15740147,0
15718572,0
15782758,0
15576641,0
15638028,0
15755223,0
15657342,0
15693817,0
15723053,0
15731330,0
15570134,0
15607485,0
15807457,0
15788151,0
15658158,0
15788676,0
15706602,0
15767391,0
15792180,0
15743040,0
15684419,0
15734005,0
15747960,0
15727915,0
15598614,0
15718765,0
15638513,0
15604217,0
15644005,0
15691863,0
15659962,0
15644446,0
15785488,0
15677184,0
15738224,0
15620111,0
15662021,0
15639590,0
15677217,0
15705085,0
15617419,0
15570205,0
15792660,0
15619340,0
15813327,0
15775108,0
15616431,0
15745844,0
15758702,0
15757811,0
15613085,0
15707042,0
15570289,0
15702337,0
15601811,0
15756875,0
15750407,0
15785869,0
15684461,0
15799217,0
15594898,0
15674637,1
15742126,0
15691723,0
15575002,0
15566253,0
15654495,0
15687079,1
15738980,0
15657747,0
15813844,0
15588904,0
15633419,0
15723721,0
15648951,0
15726676,0
15722692,0
15769308,0
15740406,0
15587978,0
15644934,0
15770811,0
15636935,0
15618410,0
15703292,0
15568876,0
15665177,0
15794396,0
15592000,0
15783029,0
15746028,0
15617657,0
15760861,0
15624775,0
15700749,0
15576085,0
15703177,0
15668032,0
15769353,0
15801431,0
15796838,0
15738751,0
15658675,0
15585249,0
15615473,0
15672242,0
15604138,0
15772995,0
15770174,0
15631457,0
15598802,0
15633834,0
15801466,0
15755196,0
15571689,0
15667944,0
15660390,0
15765322,0
15728167,0
15778696,0
15613141,0
15674720,0
15742269,0
15588535,0
15729454,0
15658195,0
15667438,0
15599126,0
15760521,0
15714485,0
15724154,0
15790204,0
15814553,0
15610912,0
15573171,0
15679453,0
15641877,0
15783816,0
15791304,0
15694300,0
15646190,0
15762455,0
15613630,0
15671390,0
15632439,0
15659656,0
15794101,0
15597536,0
15715939,0
15586959,0
15593250,0
15729435,0
15641690,0
15607230,0
15676353,0
15786454,0
15653455,0
15806570,0
15631305,0
15601848,0
15792649,0
15777504,0
15715638,0
15806447,0
15706217,0
15813640,0
15591985,0
15737275,0
15657085,0
15633930,0
15594878,0
15658486,1
15669342,0
15606507,0
15624975,0
15782468,0
15811415,0
15675518,0
15595067,0
15799631,0
15735687,0
15647975,0
15726814,0
15611635,0
15593094,0
15766183,1
15623989,0
15750839,0
15812918,0
15664759,0
15746183,0
15635728,0
15612931,0
15642709,0
15597945,0
15792934,0
15750248,0
15800062,0
15761348,0
15632850,0
15724876,0
15600478,0
15671804,0
15577478,0
15768342,0
15758513,0
15663917,0
15672216,0
15702430,0
15597914,0
15811236,0
15760446,0
15659428,0
15581115,0
15799494,0
15674206,0
15628279,0
15723658,0
15669922,0
15743709,0
15811773,0
15660866,0
15709117,0
15732281,0
15664720,0
15731829,0
15611580,0
15592578,0
15806134,0
15775294,0
15761024,0
15728542,0
15758845,0
15713346,0
15582892,0
15715047,0
15632051,0
15737910,0
15726796,0
15583364,0
15710087,0
15674551,0
15566735,0
15781465,0
15698664,0
15777033,0
15679760,0
15610090,0
15814033,0
15650313,0
15754105,0
15772381,0
15766667,0
15655410,0
15570601,0
15605130,0
15700511,0
15604818,0
15770435,0
15597909,0
15595592,0
15690772,0
15698786,0
15671779,0
15624229,0
15725906,0
15669589,1
15641860,0
15700801,0
15591279,0
15720110,0
15660535,0
15777743,0
15709295,0
15724691,0
15677136,0
15654851,0
15570051,0
15602929,0
15628319,0
15612350,0
15697283,0
15718106,0
15762045,0
15597487,0
15580462,0
15681924,0
15619616,0
15803378,0
15760641,0
15619955,0
15709256,0
15654760,0
15613880,0
15767231,0
15734999,0
15796074,0
15644753,0
15781530,0
15731281,0
15718216,0
15720050,0
15724161,0
15585734,0
15581700,0
15735358,0
15736146,0
15609475,0
15711635,0
15569571,0
15687959,0
15769402,0
15655648,0
15733768,0
15658449,0
15813159,0
15750243,0
15801218,0
15640258,0
15701291,0
15596962,0
15769272,0
15658668,0
15687413,0
15671256,0
15585047,0
15643908,0
15758031,0
15743149,0
15812338,0
15761340,0
15731760,0
15793424,0
15718245,0
15671137,0
15774358,1
15651063,0
15774336,0
15652218,0
15571869,0
15802486,0
15769064,0
15633729,0
15682472,0
15637428,0
15568088,0
15721292,0
15648933,0
15685226,0
15705765,0
15726178,0
15780088,0
15684722,0
15730076,0
15640034,0
15724648,0
15747772,0
15690209,0
15714575,0
15746258,0
15596972,0
15806486,0
15747649,0
15579040,0
15759480,0
15688963,0
15670172,0
15704160,0
15657349,0
15659031,0
15599289,0
15659843,0
15661249,0
15629985,0
15718280,0
15566563,0
15739803,0
15800228,0
15712938,0
15813718,0
15617432,0
15629128,0
15810807,0
15729489,0
15705050,0
15571144,0
15705379,0
15758901,0
15772009,0
15598331,0
15761706,0
15690673,0
15774285,0
15593510,0
15567446,0
15611058,0
15608328,0
15725660,0
15571843,0
15625740,0
15636977,0
15790379,0
15770214,0
15582903,0
15636756,0
15579566,0
15795228,0
15589572,0
15769051,0
15753174,0
15737452,0
15691785,0
15706021,0
15567778,0
15694765,0
15617078,0
15594515,0
15784761,0
15782993,0
15809347,0
15653306,0
15697510,0
15751185,0
15738291,0
15738884,0
15725767,0
15761364,0
15595037,0
15574795,0
15658148,0
15650034,0
15569678,0
15569274,0
15757931,0
15685947,0
15749807,0
15778897,0
15637324,0
15684669,0
15608338,0
15668853,0
15603203,0
15598840,0
15805261,0
15640635,0
15623357,0
15586970,0
15714567,0
15664227,0
15686913,0
15715199,0
15576111,0
15602909,0
15763922,0
15744127,0
15746451,0
15664808,0
15742798,0
15706005,0
15642570,0
15799042,0
15683522,0
15592645,0
15707968,0
15602034,0
15667932,0
15620988,0
15756301,0
15752731,0
15689344,0
15610557,0
15762799,0
15632789,0
15693259,0
15680046,0
15768201,0
15623219,0
15595071,0
15796910,0
15586479,0
15779744,0
15767474,0
15781914,0
15766017,0
15756167,0
15658946,0
15584091,0
15667215,0
15749068,0
15601012,0
15761102,0
15666652,0
15721935,0
15801904,0
15616555,0
15659002,0
15753213,0
15775703,0
15624423,0
15770420,0
15809462,0
15628936,0
15673984,0
15749671,0
15599124,0
15766417,0
15751137,0
15701074,0
15583748,0
15649136,0
15613518,0
15609804,0
15622897,0
15611644,1
15627365,0
15633612,0
15604706,0
15673372,0
15806983,0
15712807,0
15767781,0
15727829,0
15786170,0
15665378,0
15808689,0
15643696,0
15578297,0
15773906,0
15662494,0
15737778,0
15584037,0
15722758,0
15689044,0
15614049,0
15681081,0
15709447,0
15784594,0
15586523,0
15735221,0
15641091,0
15811690,0
15648800,0
15690456,0
15576714,0
15645323,0
15770968,0
15633897,0
15797165,0
15628767,0
15725737,0
15604588,0
15631240,0
15705777,0
15786196,0
15633574,0
15679587,0
15727490,0
15750574,0
15582951,0
15777923,0
15620204,0
15606601,0
15642002,0
15809509,0
15617320,0
15591107,0
15638068,0
15804962,0
15590011,0
15741875,0
15636478,0
15639530,0
15711921,0
15622442,0
15779913,0
15688868,0
15571065,0
15806332,0
15799964,0
15627514,0
15750476,0
15724858,0
15783025,0
15680449,1
15751549,0
15739576,0
15642391,0
15582168,0
15645271,0
15669301,0
15660200,0
15583073,0
15660271,0
15806318,0
15791958,0
15643752,0
15609176,0
15713655,0
15743617,0
15688619,0
15660263,0
15588449,0
15726747,0
15576680,0
15716082,0
15786042,0
15587640,0
15796231,0
15610765,0
15689147,0
15683892,0
15723685,0
15612769,0
15691396,0
15727605,0
15757535,0
15772412,0
15704763,0
15581282,0
15720583,0
15635459,0
15619699,0
15584320,0
15629551,0
15775886,0
15733872,0
15642022,0
15627328,0
15759184,0
15710105,0
15690164,0
15656009,0
15773868,0
15726234,0
15585106,0
15715297,0
15630617,0
15597265,0
15665222,0
15708048,0
15570002,0
15621083,0
15805312,0
15609286,0
15583849,0
15768945,0
15732943,0
15698031,0
15790564,0
15806081,0
15612139,0
15606849,0
15641359,0
15628824,0
15733114,0
15606887,0
15645600,0
15613180,0
15624729,0
15756824,0
15703541,0
15705735,0
15714046,0
15723013,0
15598086,0
15616221,0
15658100,0
15642063,0
15751180,0
15749345,0
15644896,0
15630106,0
15619898,0
15761525,0
15755416,0
15776233,0
15689268,0
15717498,0
15738411,0
15599440,0
15722053,0
15700964,0
15722902,0
15633108,0
15656865,1
15794841,0
15693814,0
15586757,0
15774133,0
15703106,0
15768006,0
15639415,0
15756471,0
15706163,0
15749482,0
15776827,0
15677395,0
15615797,0
15787884,0
15629094,0
15800440,0
15566594,0
15799435,0
15603743,0
15707441,0
15770406,0
15667651,0
15692819,0
15759566,1
15623107,0
15814816,0
15596405,0
15688074,0
15625524,0
15614137,0
15596800,0
15582259,0
15668472,0
15793901,0
15723411,0
15674840,0
15763612,0
15779529,0
15734246,0
15747854,0
15680920,0
15804201,0
15591047,0
15704483,0
15704586,0
15612050,0
15799626,0
15746190,0
15682600,0
15782236,0
15598695,0
15625698,0
15582066,0
15734970,0
15629519,0
15621974,0
15813439,0
15589698,0
15694859,0
15675888,0
15636595,0
15809227,0
15674368,0
15689614,0
15716236,0
15795519,0
15778155,0
15804862,0
15727291,0
15726088,0
15809057,0
15803750,0
15623744,0
15713370,0
15728829,0
15723894,0
15761487,0
15811594,0
15753462,0
15695356,0
15722632,0
15591360,0
15749669,0
15814004,0
15584580,0
15744582,0
15618750,0
15734892,0
15789201,0
15707120,0
15761717,0
15654390,0
15783659,0
15697844,0
15717191,0
15810485,0
15793049,0
15603323,0
15675256,0
15776743,0
15694890,0
15803908,0
15635285,0
15739357,0
15764253,0
15617518,0
15781987,0
15755018,0
15733138,0
15747878,0
15651627,0
15577170,1
15605916,0
15753229,0
15717984,1
15776725,0
15582944,0
15760825,0
15629511,0
15709338,0
15782875,0
15624391,0
15569892,0
15781598,0
15574743,0
15631927,0
15620398,0
15580487,0
15581286,0
15794014,0
15633818,0
15652320,0
15641136,0
15659105,0
15711489,0
15684934,0
15711314,0
15632280,0
15720847,0
15815490,0
15723818,0
15567923,0
15654156,0
15806688,0
15644994,0
15644361,0
15579062,0
15568953,0
15681697,0
15627848,0
15584704,0
15798310,0
15576602,0
15661034,0
15648794,0
15636658,0
15669783,0
15698349,0
15720893,0
15648005,0
15692443,0
15627000,0
15700657,0
15709920,0
15717770,0
15609637,0
15682523,0
15738181,0
15724402,0
15746970,0
15713250,0
15707634,0
15566380,0
15801436,0
15697183,0
15568819,0
15648489,1
15674811,0
15757628,0
15709861,0
15675380,0
15579781,0
15632272,0
15646817,0
15728706,0
15656293,0
15746326,0
15608226,1
15693468,0
15750811,0
15645248,0
15786200,0
15585599,0
15656937,0
15704081,0
15618936,0
15744327,0
15781347,0
15672145,0
15709531,0
15813916,0
15662736,0
15787835,0
15730273,0
15786167,0
15764226,0
15732563,0
15610433,0
15680611,0
15787907,0
15661591,0
15793343,0
15787014,0
15763065,0
15663942,0
15609899,0
15620030,0
15787597,0
15592583,0
15742442,0
15752885,0
15661409,0
15645772,0
15620579,0
15637366,0
15794874,0
15716420,0
15652084,0
15808868,0
15592123,0
15636330,0
15814664,0
15757632,0
15596984,0
15666055,0
15706537,0
15772559,0
15624528,0
15570192,0
15573769,0
15637774,0
15747503,0
15654463,0
15573876,0
15642041,0
15791991,0
15715667,0
15801920,0
15702788,0
15805955,0
15684010,1
15684861,0
15669064,0
15766741,0
15570912,0
15639077,0
15672374,0
15699257,0
15566660,0
15609653,0
15621653,0
15774224,0
15797751,0
15655335,0
15703437,0
15781884,0
15628715,0
15785542,0
15683993,0
15704378,0
15673180,0
15718153,0
15638646,0
15788025,0
15601116,0
15646726,0
15721019,0
15773731,0
15581548,0
15682540,0
15807837,0
15751177,0
15636024,0
15807120,0
15665077,0
15616028,0
15738267,1
15573045,1
15705174,0
15572265,0
15757306,0
15799300,0
15662641,0
15622192,0
15765650,0
15672152,0
15767414,0
15678168,0
15729083,0
15674179,0
15784301,0
15706647,0
15754599,0
15779862,0
15688880,0
15613197,0
15639277,0
15800068,0
15761654,0
15725068,0
15727811,0
15607330,0
15607395,0
15655436,0
15590820,0
15677538,0
15591091,0
15710726,0
15655339,0
15605263,0
15730810,0
15791877,0
15719479,0
15636238,0
15590828,0
15619529,0
15597901,0
15783882,0
15674880,0
15785559,0
15605673,0
15768293,0
15577695,0
15676433,0
15650575,0
15748352,0
15597467,0
15591135,0
15613102,0
15684196,0
15643574,0
15693864,0
15792473,0
15769254,0
15679297,0
15736399,0
15594815,0
15772777,0
15683053,0
15604304,0
15630725,0
15568104,0
15692416,1
15762605,0
15567013,0
15716609,1
15682421,0
15651664,0
15757521,0
15600258,0
15664311,0
15743714,0
15758171,0
15575146,1
15613945,0
15724890,0
15789955,0
15714689,0
15627859,0
15711825,0
15732774,0
15786789,0
15581388,0
15598044,0
15726058,0
15671969,0
15798053,0
15614643,0
15658339,0
15768244,0
15604073,0
15586300,0
15668886,0
15714832,0
15716284,0
15703923,0
15699911,0
15587611,0
15647292,0
15602812,0
15657228,0
15665524,0
15723872,0
15579994,0
15774401,0
15757829,0
15653147,0
15812470,0
15642996,0
15715117,0
15731755,0
15667093,0
15714680,0
15677435,0
15570004,0
15651093,0
15566378,0
15720463,0
15599956,0
15636551,0
15594651,0
15724181,0
15744529,1
15792565,0
15773776,0
15765192,0
15580146,0
15649487,0
15590730,0
15693326,0
15621063,0
15709928,0
15609643,0
15654274,0
15730460,0
15569670,0
15649451,0
15631685,1
15593694,0
15642579,0
15634896,0
15607537,0
15640922,0
15641934,0
15675328,0
15664802,0
15690678,0
15782210,0
15654457,0
15645404,0
15810732,0
15747677,1
15608688,0
15570855,0
15642098,0
15686463,0
15763895,0
15569446,0
15757646,0
15745399,0
15612108,0
15745452,0
15702138,0
15712813,0
15800856,0
15619029,0
15585985,0
15633866,0
15726179,0
15580560,0
15706637,0
15805637,0
15636407,0
15613787,0
15724924,0
15812040,0
15689081,0
15618243,0
15787699,0
15780572,0
15772650,0
15581280,0
15711386,0
15755138,0
15744553,0
15643916,0
15611800,0
15746127,0
15593345,0
15683521,0
15636353,0
15802071,0
15664523,0
15783875,0
15791836,0
15665695,0
15761713,0
15720529,0
15731989,0
15701908,0
15602084,0
15782311,0
15748660,0
15811927,0
15677522,0
15756321,0
15649414,1
15714380,0
15777452,0
15733387,0
15576219,0
15617538,0
15694409,0
15606861,0
15666032,0
15686696,0
15698528,0
15672016,0
15693704,0
15643359,0
15614168,0
15611223,0
15693267,0
15797692,0
15588859,1
15659149,0
15691950,0
15672704,0
15766552,0
15690188,0
15799785,0
15600911,0
15585835,0
15645820,0
15602735,0
15782778,0
15779247,0
15659710,0
15672053,0
15650018,0
15757559,0
15603851,0
15650068,1
15693996,0
15667896,0
15794580,0
15780386,0
15733876,0
15735203,0
15684147,0
15698927,0
15607275,0
15730044,0
15731522,0
15632050,0
15777855,0
15784923,0
15802009,0
15659094,0
15714883,0
15646521,0
15695475,0
15688172,0
15763747,0
15625445,0
15781553,0
15798348,0
15725355,0
15807335,0
15623927,0
15708162,0
15662067,0
15631222,0
15701392,0
15578977,0
15574237,0
15632736,0
15694237,0
15696733,0
15751297,0
15649450,0
15596649,0
15665759,0
15576928,0
15786800,0
15673539,0
15702030,0
15814022,0
15780677,0
15622801,0
15804064,0
15737888,0
15617029,0
15606944,0
15631848,0
15705991,0
15735078,0
15613656,0
15624667,0
15684248,0
15752375,0
15723481,0
15651103,0
15585777,0
15613786,0
15737080,0
15762134,1
15678779,0
15753955,0
15601892,0
15570508,0
15719858,0
15609618,0
15695585,0
15710206,0
15796993,0
15780215,0
15688128,0
15673367,0
15805151,0
15631756,0
15676707,0
15776454,0
15665181,0
15792720,0
15659325,0
15635125,1
15723008,0
15770121,0
15725002,0
15807768,0
15686957,0
15797246,0
15600832,0
15788775,0
15658972,0
15705899,0
15746199,0
15756272,0
15747647,0
15589030,0
15730447,0
15777893,0
15672237,0
15598894,0
15760873,0
15799534,0
15765532,1
15654733,0
15790093,0
15791045,0
15788539,0
15801942,0
15810891,0
15763859,0
15594685,0
15642202,0
15725762,0
15722350,0
15795298,0
15747807,0
15760244,1
15660316,0
15770995,0
15665159,0
15777076,0
15617482,1
15716781,0
15653784,0
15600086,0
15798024,1
15714256,0
15733974,0
15599869,0
15661036,0
15791326,0
15723217,0
15647259,0
15682834,0
15565706,0
15747558,0
15813894,0
15665811,0
15774882,0
15809736,0
15572956,0
15636731,0
15596011,0
15761783,0
15718454,0
15770974,0
15713621,0
15743153,0
15573851,0
15635277,0
15674331,0
15611947,0
15647570,0
15600700,1
15736271,0
15788686,0
15793425,0
15812482,0
15585133,0
15774104,0
15621687,0
15598162,0
15567993,0
15755239,0
15612966,1
15578835,0
15664897,0
15730448,0
15696859,0
15593454,0
15685500,0
15689322,0
15652266,0
15642655,0
15733261,0
15763107,0
15600975,0
15637977,0
15801767,0
15625584,0
15782630,0
15809826,0
15729954,0
15624781,0
15723318,0
15738954,0
15640268,0
15702601,0
15811947,0
15808662,0
15672516,0
15698184,1
15729224,0
15711457,0
15687658,0
15770984,0
15735080,1
15706587,0
15708357,0
15569878,0
15575410,0
15670859,0
15607301,0
15567063,0
15572390,0
15602979,0
15766663,0
15613326,0
15589348,0
15765287,0
15606901,0
15602497,0
15801832,0
15631460,0
15662238,0
15675964,0
15752508,0
15577423,0
15626042,0
15806929,0
15617304,0
15747458,0
15706200,0
15636061,1
15759381,0
15609254,0
15623649,0
15664681,0
15715597,0
15661473,0
15605284,0
15633950,0
15786153,0
15680430,0
15596811,0
15782939,0
15803526,0
15723851,0
15747265,0
15779390,0
15752912,0
15810347,0
15740900,0
15761554,0
15775307,0
15665956,0
15773260,0
15723320,0
15752857,1
15800366,0
15768124,0
15589147,1
15778934,0
15804038,0
15740345,0
15724684,0
15765173,1
15654959,0
15790497,0
15812073,0
15593834,0
15769110,0
15632826,0
15790763,0
15725311,0
15714057,0
15779743,0
15733797,0
15800806,0
15750755,0
15812262,0
15690332,0
15675190,0
15597602,0
15715142,0
15717307,0
15645200,0
15651740,0
15622750,0
15641170,0
15591344,0
15703354,0
15646936,0
15805764,0
15782159,0
15775809,0
15801863,0
15588090,0
15752507,0
15732020,0
15690153,0
15813850,0
15803479,0
15569945,0
15780925,0
15757867,0
15589329,0
15738835,0
15622289,0
15709412,0
15597239,0
15672637,0
15713426,0
15587233,0
15749401,0
15626457,0
15780870,1
15588580,0
15698167,0
15579387,0
15679429,0
15670822,0
15795933,0
15788776,0
15801417,0
15573309,0
15732299,0
15775124,0
15727408,0
15697042,0
15805260,0
15724423,0
15779947,0
15706534,0
15648069,0
15709474,0
15600027,0
15589200,0
15572728,0
15757001,0
15569247,0
15605264,0
15644280,0
15656330,0
15690134,0
15569430,0
15599860,0
15705352,0
15635893,0
15582849,0
15566251,0
15654379,0
15748123,0
15758048,0
15634281,0
15632263,0
15637753,0
15683168,0
15683195,0
15660101,0
15806926,0
15624596,0
15737814,0
15698716,1
15643824,0
15780256,0
15793883,0
15748673,0
15700752,0
15588944,1
15569666,0
15621353,0
15668445,0
15719265,0
15767129,1
15649354,0
15702462,0
15794171,1
15809909,1
15617507,0
15628420,0
15582960,0
15806438,0
15804052,0
15705298,0
15782736,0
15774931,0
15617454,0
15808566,0
15600692,0
15645835,0
15737194,0
15761733,0
15600813,0
15655658,0
15700946,0
15745080,0
15694666,0
15673619,0
15647091,0
15746664,0
15814536,0
15580068,0
15783276,0
15721917,0
15779207,0
15792726,0
15720203,0
15734588,0
15794849,0
15667554,0
15585748,0
15773146,0
15810995,0
15591932,0
15642468,0
15784700,0
15797960,0
15800049,0
15611409,0
15703563,0
15641688,0
15617655,0
15670943,0
15644212,0
15749093,0
15761775,0
15789753,0
15746749,0
15583371,0
15580914,0
15815656,0
15605684,0
15693637,0
15743570,0
15796957,0
15804072,0
15636634,0
15611729,0
15809616,0
15770159,0
15684316,0
15643229,0
15571873,0
15672894,0
15813590,0
15775238,0
15680197,0
15795149,0
15792986,0
15567630,0
15668775,0
15690440,0
15586133,0
15752578,0
15725776,0
15625545,0
15705383,0
15814116,0
15687363,0
15649183,0
15692718,0
15645269,0
15730540,0
15721047,0
15627027,0
15623730,0
15626385,0
15696812,0
15797502,0
15700864,0
15637678,0
15761241,0
15608956,0
15664339,0
15659694,0
15674442,0
15703143,0
15620577,0
15622507,0
15612594,0
15628600,0
15574213,0
15797389,0
15744200,0
15753549,0
15798532,0
15689201,0
15789097,0
15566312,0
15649129,0
15599182,0
15624424,0
15801441,0
15787155,0
15801395,0
15583026,0
15722532,0
15711219,0
15763613,0
15746035,0
15686941,0
15759618,0
15652782,0
15800295,0
15731586,0
15630321,0
15663294,0
15798943,0
15571816,0
15709487,0
15729359,0
15695679,0
15789413,0
15718944,0
15684908,1
15709451,0
15749300,0
15734987,0
15644692,0
15605059,1
15713505,0
15670343,0
15632344,0
15792360,0
15586629,0
15670496,0
15604345,0
15687431,0
15809006,0
15757911,0
15642248,1
15801411,0
15755731,0
15648067,0
15677105,0
15687130,0
15742820,0
15698335,1
15745030,0
15762762,0
15807900,0
15740527,0
15648047,0
15724620,0
15641009,0
15725818,0
15602811,0
15635502,0
15629117,0
15614103,0
15584930,0
15603764,0
15756299,0
15720636,0
15793455,0
15794048,0
15638487,0
15603565,0
15774393,0
15696564,0
15812071,0
15734628,0
15733460,0
15716000,0
15725772,0
15766746,0
15796764,0
15711396,0
15599078,0
15587581,0
15735222,0
15752622,0
15586243,0
15590637,0
15567147,0
15604020,0
15683841,0
15592222,0
15605804,0
15643024,0
15573278,0
15642345,0
15645569,0
15589541,0
15738501,0
15668248,1
15568032,0
15713949,0
15658435,0
15753092,0
15693088,0
15809248,0
15778947,0
15769948,0
15630910,0
15699507,0
15604551,0
15752342,0
15783019,0
15716605,0
15804586,0
15657163,0
15566790,0
15750410,0
15739850,0
15809286,0
15638463,0
15596303,0
15740868,0
15790744,0
15643865,0
15732265,0
15604355,0
15632256,0
15614923,0
15791321,0
15618446,0
15624347,0
15791131,0
15633640,0
15676895,0
15807524,0
15624343,0
15716218,0
15758531,0
15682955,0
15672826,0
15767894,0
15576774,0
15793307,0
15781234,0
15730688,0
15607142,0
15574842,0
15742116,0
15592028,0
15737792,0
15640442,0
15788480,0
15724307,0
15745623,0
15583221,0
15578761,0
15573798,0
15643121,0
15648479,0
15795246,0
15687903,0
15586821,0
15583863,0
15694852,0
15684181,0
15723216,0
15705639,0
15609977,0
15650591,0
15672598,0
15637178,0
15620443,0
15598883,0
15618695,0
15701555,0
15774491,0
15805676,0
15697424,0
15751943,0
15760431,0
15587013,0
15720559,1
15671582,0
15668629,0
15752816,0
15621834,0
15735339,0
15755521,0
15725509,0
15634359,0
15643967,0
15769216,0
15811970,0
15610653,0
15641250,0
15634602,0
15785342,0
15649160,0
15595991,0
15618258,0
15699467,0
15659064,0
15650933,0
15780498,0
15779985,0
15576935,0
15666975,0
15748691,0
15669411,0
15794413,0
15712287,0
15779886,0
15700772,0
15701439,0
15735782,0
15635034,0
15726494,1
15589230,0
15758056,0
15614778,0
15754578,0
15622478,0
15600720,0
15799468,0
15773934,0
15791513,0
15615254,0
15743456,0
15802501,0
15617401,0
15645544,0
15649536,0
15693947,0
15618239,0
15658532,1
15568046,0
15697480,0
15689661,0
15722578,0
15683977,0
15800482,0
15636572,0
15648721,0
15714586,0
15803352,0
15765461,0
15577587,0
15668347,0
15697214,0
15647800,0
15626628,0
15758449,0
15637138,0
15777708,0
15623668,0
15735799,1
15751491,1
15709459,0
15608873,0
15760102,0
15732672,0
15670029,0
15783097,0
15715744,0
15743075,0
15583692,0
15738889,0
15721504,0
15638257,0
15768104,0
15567399,0
15748649,0
15692761,0
15701081,0
15785350,0
15652401,0
15706762,0
15597968,0
15744240,0
15710375,0
15691808,0
15778287,0
15646196,0
15747867,0
15613319,0
15680706,0
15660144,0
15767794,0
15652808,0
15653762,0
15714874,0
15576185,0
15801934,0
15701206,0
15595537,0
15785831,0
15675252,0
15741865,0
15675963,0
15774192,0
15798709,0
15648136,0
15670163,0
15733014,0
15703614,0
15737705,0
15614054,0
15611186,0
15734202,0
15595047,0
15647453,0
15580719,0
15734311,0
15759684,0
15709737,0
15789546,0
15727467,0
15668774,0
15789055,0
15730059,0
15574296,0
15632010,0
15750104,0
15575691,0
15722993,0
15771000,0
15669414,1
15739997,0
15628950,0
15592078,0
15799211,0
15634974,0
15694518,0
15712319,0
15646810,0
15725094,0
15607526,0
15611756,0
15710390,0
15698749,0
15711316,0
15591766,0
15718242,0
15589660,0
15592979,0
15726791,0
15756751,0
15615753,0
15768777,0
15596671,0
15675749,0
15702669,0
15565878,0
15689953,0
15682773,0
15715941,0
15804002,0
15584090,0
15623430,0
15577078,0
15634143,0
15649359,0
15780909,0
15609913,0
15719090,0
15778752,0
15718773,0
15711015,0
15600991,0
15745455,0
15678067,0
15683560,0
15683118,0
15599533,0
15812616,0
15628034,0
15566708,0
15566030,0
15794868,0
15682084,0
15615832,0
15599004,0
15684440,0
15787174,0
15770091,0
15602934,0
15717046,0
15566689,0
15734524,0
15640825,0
15663263,0
15694566,0
15784010,0
15750549,0
15576077,0
15681990,0
15586914,0
15790810,0
15749103,0
15794142,1
15812324,0
15680001,0
15768340,0
15680855,0
15771222,0
15722364,0
15777436,0
15770576,0
15630466,0
15785326,0
15595657,0
15792250,0
15603088,0
15677921,0
15615456,0
15651075,0
15568240,0
15603319,0
15618562,0
15717138,0
15772421,0
15576990,0
15791174,1
15645571,0
15815125,0
15782531,0
15701238,0
15759387,0
15569264,0
15705301,0
15714642,0
15700601,0
15668889,0
15646535,0
15704597,0
15626806,0
15625080,0
15621116,0
15705676,0
15812706,0
15669611,1
15681316,0
15706199,0
15809265,0
15747542,0
15644621,0
15636520,0
15696371,0
15593280,0
15604782,0
15771750,0
15659557,0
15736420,0
15638621,0
15669060,0
15700476,0
15605534,0
15747591,0
15781574,1
15764351,0
15613854,0
15572022,0
15700212,0
15606472,0
15610594,0
15748499,0
15627801,0
15624744,0
15627212,0
15776467,0
15625047,0
15591822,0
15585853,0
15592197,0
15763662,0
15737051,0
15727281,0
15697789,0
15579262,0
15782096,0
15705739,0
15629846,0
15771299,0
15686718,0
15664150,0
15673908,0
15784099,0
15661626,0
15677249,0
15679531,0
15708867,0
15709941,0
15728474,0
15754494,0
15623102,0
15619626,0
15723864,0
15755678,0
15642394,0
15620372,0
15779174,0
15747358,0
15777901,0
15713608,0
15734674,0
15739123,0
15697997,0
15729377,0
15629744,0
15774262,0
15691111,0
15671387,0
15734161,0
15673907,0
15762993,0
15736254,0
15625586,0
15805062,0
15736397,0
15608701,0
15648967,0
15680421,0
15604119,0
15660571,0
15686909,0
15752956,0
15697441,0
15790355,0
15785705,0
15693233,0
15806964,0
15583580,0
15789014,0
15592854,0
15591169,0
15730339,0
15637593,0
15589296,0
15702442,0
15631070,0
15751193,0
15679663,0
15715622,1
15759250,0
15592846,0
15612193,0
15622833,0
15709639,0
15623828,0
15626212,0
15591550,0
15677336,0
15569759,0
15743193,0
15579433,0
15703399,0
15777958,0
15664204,0
15745012,0
15624892,0
15809777,1
15791268,0
15758039,0
15648178,0
15571571,0
15631912,0
15751057,0
15653753,0
15583840,0
15601351,0
15665129,0
15779176,0
15677785,0
15641416,0
15657321,0
15633260,0
15756472,0
15772329,0
15623072,0
15576745,0
15663194,0
15569807,0
15585455,0
15719991,0
15780409,0
15568360,0
15632324,0
15684103,0
15673074,0
15599131,0
15646784,0
15771702,0
15783463,0
15696361,0
15673570,0
15586674,0
15710397,0
15783305,0
15634891,0
15574761,0
15680736,1
15690731,0
15789582,0
15776558,0
15713267,0
15762573,0
15678206,0
15730759,0
15674620,0
15765643,0
15747000,0
15672012,0
15807481,0
15634245,0
15667216,0
15625126,0
15583755,0
15633870,0
15774744,0
15620000,0
15621075,0
15710689,0
15728456,0
15806511,0
15640846,0
15752467,0
15626141,0
15610165,0
15756954,0
15573152,0
15716728,0
15576256,0
15746995,0
15809263,0
15711571,0
15576945,0
15617486,0
15811613,0
15766427,0
15689152,0
15764294,0
15728669,0
15606267,0
15589715,0
15755209,0
15575935,0
15655774,0
15625426,0
15684696,0
15593954,0
15615176,0
15660735,0
15566740,0
15700654,0
15621466,0
15809847,0
15700046,0
15769389,0
15586585,0
15672875,0
15685320,0
15732621,0
15743976,0
15718769,0
15783444,0
15592300,0
15716347,0
15732438,0
15576263,0
15684267,0
15677141,0
15614716,0
15753079,0
15682928,0
15621550,0
15790750,0
15734942,0
15641733,0
15809515,0
15691513,0
15727489,0
15768465,0
15728333,0
15794566,0
15637118,0
15773322,0
15753337,0
15685564,0
15626948,0
15733447,0
15793366,0
15723437,0
15732202,0
15570681,0
15734917,0
15594408,0
15720649,0
15720706,0
15639303,0
15737354,0
15677586,0
15766374,0
15668767,0
15611551,0
15616471,0
15689886,0
15616365,0
15791053,0
15719827,0
15750049,0
15671032,0
15790599,0
15658929,0
15678725,0
15646310,0
15593715,0
15599976,0
15587676,0
15666675,0
15584452,0
15807993,0
15626233,0
15584518,0
15637599,0
15700656,0
15631333,0
15610426,0
15654000,0
15735400,0
15806901,0
15688395,0
15778489,0
15717935,0
15571778,0
15723064,0
15617331,0
15812279,0
15708003,0
15747130,0
15660211,0
15696388,0
15621227,0
15656627,0
15705885,0
15570271,0
15657829,0
15592994,0
15708046,0
15654562,0
15706463,0
15646594,0
15780846,0
15591915,0
15652981,0
15573520,0
15624293,0
15814032,0
15684198,0
15734762,0
15754177,0
15634501,1
15742971,0
15679963,0
15606613,0
15812009,0
15755863,0
15579166,0
15707696,0
15801605,0
15780492,0
15787189,0
15695699,0
15778589,0
15764654,0
15717937,0
15807003,0
15796370,0
15605333,0
15780411,0
15729718,0
15733602,0
15798424,0
15784526,0
15701962,0
15658987,0
15681887,0
15641773,0
15599074,0
15687607,0
15778481,0
15659366,0
15712303,0
15645496,0
15605622,0
15623536,0
15642636,0
15768367,0
15736112,1
15582714,0
15640464,0
15751392,0
15780362,0
15597385,0
15812607,0
15581323,0
15648461,0
15748381,0
15814267,0
15701166,0
15766137,0
15571928,0
15694376,0
15779809,0
15711468,0
15625023,0
15815428,0
15711687,0
15578186,0
15669899,0
15779496,0
15695103,0
15807432,0
15574910,0
15762228,0
15633213,0
15621629,0
15674991,0
15735788,0
15683618,0
15754713,0
15712596,0
15771383,0
15649508,0
15684999,0
15799811,0
15645353,0
15743818,0
15655229,0
15627002,0
15576723,0
15777994,0
15679148,0
15640627,0
15662232,0
15694253,0
15770554,0
15702715,0
15652667,0
15575694,0
15704583,0
15796721,0
15791501,0
15724719,0
15635143,0
15704231,0
15574169,0
15726250,0
15771573,0
15689341,0
15581479,0
15731026,0
15572467,0
15566211,0
15625905,0
15659931,0
15598846,0
15660679,0
15623858,0
15734491,0
15679062,0
15606855,0
15634564,0
15607877,0
15600575,0
15808930,0
15781875,0
15640953,0
15815070,0
15701738,0
15707488,0
15595557,0
15738018,0
15810444,0
15759733,0
15722548,0
15805690,0
15726557,0
15625641,1
15780212,0
15642833,0
15579212,0
15766686,0
15741385,0
15668575,0
15592761,0
15600651,0
15667134,0
15665783,0
15787222,0
15720745,0
15604792,0
15694444,0
15583718,0
15674110,0
15762716,0
15715951,0
15583480,0
15627697,0
15728043,0
15801265,0
15736274,0
15810711,0
15770474,0
15727138,0
15700937,0
15801169,0
15658211,0
15751561,1
15769703,0
15809585,0
15688876,0
15637414,0
15704053,0
15624323,0
15649078,0
15786463,0
15745605,0
15670103,0
15774857,0
15763704,0
15638159,0
15731478,0
15705458,0
15606115,1
15761158,0
15662294,0
15750299,0
15759436,0
15662434,0
15812272,0
15601977,0
15642885,0
15710527,0
15647111,0
15804864,0
15655274,0
15692577,0
15619343,0
15708362,0
15815560,1
15613673,0
15673929,0
15756932,0
15626787,0
15599301,0
15662337,0
15628203,0
15663885,0
15611024,0
15748360,0
15626742,0
15632185,0
15572398,0
15782530,0
15806027,0
15797219,0
15697028,0
15735688,0
15752097,0
15585580,0
15602731,0
15794472,0
15695932,0
15806808,0
15794661,0
15679611,0
15679294,0
15569917,0
15795737,0
15686870,0
15656319,0
15641007,0
15742511,0
15680727,0
15654700,0
15592736,0
15694381,0
15803654,0
15672610,0
15666166,1
15718369,0
15589221,0
15804950,0
15808971,0
15698028,0
15632446,0
15771059,0
15750803,0
15812611,0
15766776,0
15635388,0
15775295,0
15678727,0
15793491,0
15575243,0
15803136,0
15565891,0
